Nome,Idade
Agatha,24
Alice,27
Alícia,18
Amanda,18
Ana Beatriz,44
Ana Clara,46
Ana Julia,49
Ana Luiza,47
Antônio,47
Arthur,41
Beatriz,27
Benjamin,19
Bernardo,18
Bianca,25
Bruno,31
Bryan,42
Caio,23
Carolina,39
Catarina,21
Cauã,27
Cecília,21
Clara,25
Daniel,19
Davi,33
Davi Lucas,25
Davi Luiz,45
Eduardo,49
Emanuel,46
Emanuelly,34
Enzo,33
Enzo Gabriel,43
Esther,23
Felipe,29
Fernanda,39
Francisco,34
Gabriel,33
Gabriela,31
Gabrielly,39
Giovanna,49
Guilherme,36
Gustavo,24
Heitor,40
Helena,32
Heloísa,18
Henrique,22
Ian,48
Isaac,52
Isabella,24
Isabelly,24
Isadora,34
João,29
João Gabriel,52
João Miguel,33
João Pedro,36
João Vitor,41
Joaquim,22
Julia,21
Lara,47
Larissa,42
Laura,51
Lavínia,31
Leonardo,25
Letícia,31
Lívia,41
Lorena,43
Lorenzo,34
Lucas,55
Lucca,53
Luiza,51
Manuela,23
Maria Clara,44
Maria Eduarda,32
Maria Fernanda,18
Maria Luiza,26
Mariana,29
Marina,33
Matheus,39
Melissa,36
Miguel,47
Murilo,44
Nicolas,27
Nicole,31
Otávio,52
Pedro,29
Pedro Henrique,34
Pietro,47
Rafael,49
Rafaela,33
Rebeca,29
Rodrigo,19
Samuel,52
Sarah,44
Sofia,48
Theo,42
Thiago,47
Valentina,54
Vinicius,32
Vitor,41
Vitória,49
Yasmin,52
